<?xml version="1.0" encoding="UTF-8"?>
<kcfg xmlns="http://www.kde.org/standards/kcfg/1.0"
      xmlns:xsi="http://www.w3.org/2001/XMLSchema-instance"
      xsi:schemaLocation="http://www.kde.org/standards/kcfg/1.0
      http://www.kde.org/standards/kcfg/1.0/kcfg.xsd">
  <kcfgfile name=""/>
  <group name="General">
    <entry name="showIcon" type="Bool">
      <default>false</default>
    </entry>
    <entry name="showLabel" type="Bool">
      <default>true</default>
    </entry>
    <entry name="fontSize" type="Int">
      <default>30</default>
    </entry>
    <entry name="iconSize" type="Int">
      <default>30</default>
    </entry>
    <entry name="textColor" type="String">
      <default>#ffff00</default>
    </entry>
  </group>
</kcfg>
